name,url,image,rating,sold_quantity,price_current,price_original,discount
N/A,https://shop-id.tokopedia.com/c/hand-foot-care/849032,https://p16-oec-ttp.tiktokcdn-us.com/tos-useast5-i-omjb5zjo8w-tx/dc05090b19cd43eeac83330f8eb57ac5~tplv-omjb5zjo8w-resize-jpeg:200:200.image?,0.0,0,0,0,0
N/A,https://shop-id.tokopedia.com/c/eye-ear-care/849544,https://p16-oec-va.ibyteimg.com/tos-maliva-i-o3syd03w52-us/a3881f0385c94a6abeeaf472a5ef0235~tplv-o3syd03w52-resize-jpeg:200:200.image?,0.0,0,0,0,0
N/A,https://shop-id.tokopedia.com/c/personal-care-appliances/849416,https://p16-oec-ttp.tiktokcdn-us.com/tos-useast5-i-omjb5zjo8w-tx/2dfc622181bc4ed980d448ecc5ad53c0~tplv-omjb5zjo8w-resize-jpeg:200:200.image?,0.0,0,0,0,0
N/A,https://shop-id.tokopedia.com/c/makeup/848648,https://p16-oec-ttp.tiktokcdn-us.com/tos-useast5-i-omjb5zjo8w-tx/8b09cf98884b408090bdf54fb0a7458a~tplv-omjb5zjo8w-resize-jpeg:200:200.image?,0.0,0,0,0,0
N/A,https://shop-id.tokopedia.com/c/skincare/848776,https://p16-oec-ttp.tiktokcdn-us.com/tos-useast5-i-omjb5zjo8w-tx/facb717e20574b508e197ac590d6995b~tplv-omjb5zjo8w-resize-jpeg:200:200.image?,0.0,0,0,0,0
N/A,https://shop-id.tokopedia.com/c/haircare-styling/848904,https://p16-oec-ttp.tiktokcdn-us.com/tos-useast5-i-omjb5zjo8w-tx/10f1077e801f4acdaae23726c2d80404~tplv-omjb5zjo8w-resize-jpeg:200:200.image?,0.0,0,0,0,0
N/A,https://shop-id.tokopedia.com/c/nasal-oral-care/849672,https://p16-oec-ttp.tiktokcdn-us.com/tos-useast5-i-omjb5zjo8w-tx/1aa3247cdf954e0bb2ce15330bf4540d~tplv-omjb5zjo8w-resize-jpeg:200:200.image?,0.0,0,0,0,0
N/A,https://shop-id.tokopedia.com/c/bath-body-care/849160,https://p16-oec-ttp.tiktokcdn-us.com/tos-useast5-i-omjb5zjo8w-tx/98a19f8e864d4bc087e050f4fcdc4bdc~tplv-omjb5zjo8w-resize-jpeg:200:200.image?,0.0,0,0,0,0
N/A,https://shop-id.tokopedia.com/c/fragrance/856208,https://p16-oec-ttp.tiktokcdn-us.com/tos-useast5-i-omjb5zjo8w-tx/4878d1f1b64147eeb8514b0af3ef1f6b~tplv-omjb5zjo8w-resize-jpeg:200:200.image?,0.0,0,0,0,0
N/A,https://shop-id.tokopedia.com/c/special-personal-care/981128,https://p16-oec-ttp.tiktokcdn-us.com/tos-useast5-i-omjb5zjo8w-tx/fed7326e715b4bea8d1bb47e6dd48b80~tplv-omjb5zjo8w-resize-jpeg:200:200.image?,0.0,0,0,0,0
N/A,https://shop-id.tokopedia.com/c/men-s-care/849288,https://p16-oec-va.ibyteimg.com/tos-maliva-i-o3syd03w52-us/7108ca8a695e4b24b5ec57e0ab131f29~tplv-o3syd03w52-resize-jpeg:200:200.image?,0.0,0,0,0,0
N/A,https://shop-id.tokopedia.com/c/feminine-care/849800,https://p16-oec-ttp.tiktokcdn-us.com/tos-useast5-i-omjb5zjo8w-tx/1b7dd6e8a8ea4f1fa0fc265a70849df6~tplv-omjb5zjo8w-resize-jpeg:200:200.image?,0.0,0,0,0,0
【COD】Sabun papaya facial foam brightening wajah pemutih 100ml Whitening Facial cleanser Sabun Cuci Muka Kering Memutihkan Membersihkan Niacinamide Wanita Cleansing Berminyak Mencerahkan Perawatan Kotoran wash soothing,https://shop-id.tokopedia.com/pdp/sabun-papaya-facial-foam-100ml-pemutih-wajah-mencerahkan-mengontrol-minyak/1730680004273734670,https://p16-oec-sg.ibyteimg.com/tos-alisg-i-aphluv4xwc-sg/f1d4b6278c8d478faf128120e8cadb6c~tplv-aphluv4xwc-crop-webp:300:300.webp?dr=15592&t=555f072d&ps=933b5bde&shp=8dbd94bf&shcp=d741f1be&idc=my2&from=2378011839,4.8,28000,14400,90000,84
PAKET ISI 2 - Makarizo Hair Energy Scentsations Hair Fragrance Amber Wood 100mL Parfum Rambut / Perfume / Wangi / Pewangi,https://shop-id.tokopedia.com/pdp/makarizo-hair-energy-scentsations-parfum-rambut-100ml-wangi-segar-dan-elegan-multifungsi-untuk-rambu/1729618213727144295,https://p16-oec-va.ibyteimg.com/tos-maliva-i-o3syd03w52-us/90ac8f6f959a4e6f823f390608d5f2b3~tplv-o3syd03w52-crop-webp:300:300.webp?dr=15592&t=555f072d&ps=933b5bde&shp=8dbd94bf&shcp=d741f1be&idc=my2&from=2378011839,4.8,17800,51700,69300,25
MILAI B09 Korean Look Bulu Mata Palsu Lem - Eyelash Ekstension Fake Lashes - Riasan Mata,https://shop-id.tokopedia.com/pdp/bulu-mata-palsu-milai-b09-nyaman-dan-glamour-teknologi-3d/1729460955231126977,https://p16-oec-sg.ibyteimg.com/tos-alisg-i-aphluv4xwc-sg/d488a259888148e4948ba2a17ac59e1b~tplv-aphluv4xwc-crop-webp:300:300.webp?dr=15592&t=555f072d&ps=933b5bde&shp=8dbd94bf&shcp=d741f1be&idc=my2&from=2378011839,4.8,419400,24000,91000,74
Sikat Gigi Kodomo Toothbrush Toothpaste 2in1 Soft - Sikat Gigi + Pasta Gigi + Mainan Anak Pasta Gigi Anak Random,https://shop-id.tokopedia.com/pdp/sikat-gigi-kodomo-2in1-lembut-pasta-gigi-anak-bebas-bpa/1729416947109103651,https://p16-oec-va.ibyteimg.com/tos-maliva-i-o3syd03w52-us/61e4f68aaa3342139260a4d54090cdcf~tplv-o3syd03w52-crop-webp:300:300.webp?dr=15592&t=555f072d&ps=933b5bde&shp=8dbd94bf&shcp=d741f1be&idc=my2&from=2378011839,4.9,15200,9790,9790,0
Kinoki Gold 1 Box isi 10 Koyo Pad Koyo Detox Kaki Pad Koyo Detoks Kaki,https://shop-id.tokopedia.com/pdp/koyo-detox-kaki-kinoki-gold-1-box-isi-10-patch-herbal/1729729216604768182,https://p16-oec-sg.ibyteimg.com/tos-alisg-i-aphluv4xwc-sg/22b826ab08cc4f59aa333e948bec8075~tplv-aphluv4xwc-crop-webp:300:300.webp?dr=15592&t=555f072d&ps=933b5bde&shp=8dbd94bf&shcp=d741f1be&idc=my2&from=2378011839,4.7,14600,9908,30000,67
GLOW & LOVELY Bright UV Duo Sunscreen Vitamin C SPF 50 PA+++ 15g 30g,https://shop-id.tokopedia.com/pdp/glow-lovely-sunscreen-vitamin-c-spf-50-mencerahkan-melindungi-kulit/1731051750257952442,https://p16-oec-sg.ibyteimg.com/tos-alisg-i-aphluv4xwc-sg/c3796b2648c4477e9567bb1b1033f8f5~tplv-aphluv4xwc-crop-webp:300:300.webp?dr=15592&t=555f072d&ps=933b5bde&shp=8dbd94bf&shcp=d741f1be&idc=my2&from=2378011839,4.8,5200,23500,100000,77
SWEETY SILVER PANTS JUMBO S66 / M60 / L54 / XL42 / XXL32 - NBS40 | S38 | M32 | L26 | XL24 | XXL22,https://shop-id.tokopedia.com/pdp/sweety-silver-pants-jumbo-s66-m60-l54-xl42-xxl32-teknologi-360-leak-guard-aloe-vera-moisturizer/1729636348273199382,https://p16-oec-sg.ibyteimg.com/tos-alisg-i-aphluv4xwc-sg/c90b4715cd8045589aca21cee84f9836~tplv-aphluv4xwc-crop-webp:240:300.webp?dr=15592&t=555f072d&ps=933b5bde&shp=8dbd94bf&shcp=d741f1be&idc=my2&from=2378011839,4.9,161100,82996,100000,17
BELI 1 GRATIS 1 BODYMIST GLITZYSCENT.ID 100ML / PARFUME 100ML : PARFUM PRIA / PARFUM WANITA / PARFUME UNISEX Wangi,https://shop-id.tokopedia.com/pdp/belanja-1-gratis-1-body-mist-glitsycent-id-100ml-parfum-unisex/1732559711372215896,https://p16-oec-sg.ibyteimg.com/tos-alisg-i-aphluv4xwc-sg/ad12870c872a41499fee6454bc6040ef~tplv-aphluv4xwc-crop-webp:300:300.webp?dr=15592&t=555f072d&ps=933b5bde&shp=8dbd94bf&shcp=d741f1be&idc=my2&from=2378011839,4.7,5200,22500,65000,65
La Roche-Posay Cicaplast Baume B5+ 40ml-15ml (New Formula) - Face Body Moisturizer Dry Irritated Skin (Iritasi Ringan),https://shop-id.tokopedia.com/pdp/la-roche-posay-cicaplast-baume-b5-40ml-pelembap-sensi-tanpa-wewangian-untuk-kulit-kering-dan-iritasi/1729620228453665650,https://p16-oec-sg.ibyteimg.com/tos-alisg-i-aphluv4xwc-sg/feee76876a694caeb6f37c7859c93a5c~tplv-aphluv4xwc-crop-webp:300:300.webp?dr=15592&t=555f072d&ps=933b5bde&shp=8dbd94bf&shcp=d741f1be&idc=my2&from=2378011839,4.9,67200,160241,190000,16
Implora Lip Crayon Satin | Lipstick | Lip Cream | Lipcream | Lipcrayon | BPOM,https://shop-id.tokopedia.com/pdp/implora-lip-crayon-satin-6-warna-cantik-tahan-lama-lembut/1730822122058319360,https://p16-oec-sg.ibyteimg.com/tos-alisg-i-aphluv4xwc-sg/f898f1f271144d8d842408592d329b20~tplv-aphluv4xwc-crop-webp:300:300.webp?dr=15592&t=555f072d&ps=933b5bde&shp=8dbd94bf&shcp=d741f1be&idc=my2&from=2378011839,4.8,4000,15999,23000,30
[HOT PRODUCT] [FYC] Nuface Calendula Essential Moisture Boost Moisturizer 7gr/20gr 1/2/3 Pcs - Moisturizer dan Pelembab Wajah dengan kandungan Extract Calendula Flowers dan 8 Type Hyaluronate Niacinamide Untuk Kulit Lembab Sehat dan Ternutrisi,https://shop-id.tokopedia.com/pdp/nuface-calendula-moisturizer-7gr-cover-me-sun-shield-spf-50/1729633437036152365,https://p16-oec-sg.ibyteimg.com/tos-alisg-i-aphluv4xwc-sg/a9f7d5b2d9764a85a0b6e7d33c460f59~tplv-aphluv4xwc-crop-webp:300:300.webp?dr=15592&t=555f072d&ps=933b5bde&shp=8dbd94bf&shcp=d741f1be&idc=my2&from=2378011839,4.8,153800,14900,35000,57
"DOKHAZ - HAIR CARE HAIR TONIC VITAMIN RAMBUT ( Aloevera , Ginseng , Greentea )  Perawatan & Pertumbuhan Rambut",https://shop-id.tokopedia.com/pdp/hair-tonic-vitamin-rambut-dokhaz-ekstrak-lidah-buaya-gingseng-greentea/1730809310428038989,https://p16-oec-sg.ibyteimg.com/tos-alisg-i-aphluv4xwc-sg/3c6ad3a2b54e47a789032cfeba2aceec~tplv-aphluv4xwc-crop-webp:300:300.webp?dr=15592&t=555f072d&ps=933b5bde&shp=8dbd94bf&shcp=d741f1be&idc=my2&from=2378011839,4.5,43800,6333,25000,75
Mahendi/ Henna kuku/ Inai kuku By Sie Shine || SAH SHOLAT,https://shop-id.tokopedia.com/pdp/1733184037012014219,https://p16-oec-sg.ibyteimg.com/tos-alisg-i-aphluv4xwc-sg/f15eea51447f4dccb62f100cd3bfd89b~tplv-aphluv4xwc-crop-webp:300:300.webp?dr=15592&t=555f072d&ps=933b5bde&shp=8dbd94bf&shcp=d741f1be&idc=my2&from=2378011839,4.8,7000,11900,17000,30
BEDAK refill pixy two way cake perfect Powder,https://shop-id.tokopedia.com/pdp/bedak-refill-pixy-two-way-cake-6-varian-warna-tahan-lama/1729727792547988620,https://p16-oec-sg.ibyteimg.com/tos-alisg-i-aphluv4xwc-sg/91de08c75c70454094b9820c260bfb42~tplv-aphluv4xwc-crop-webp:300:299.webp?dr=15592&t=555f072d&ps=933b5bde&shp=8dbd94bf&shcp=d741f1be&idc=my2&from=2378011839,4.7,12300,21168,21600,2
AZZURA Loose Powder Bedak Tabur 30Gr,https://shop-id.tokopedia.com/pdp/bedak-tabur-azzura-loose-powder-30gr-ringan-matte-anti-kusam/1729534590124656700,https://p16-oec-sg.ibyteimg.com/tos-alisg-i-aphluv4xwc-sg/21f3600d9f284d5189817fd2f26b1e49~tplv-aphluv4xwc-crop-webp:300:300.webp?dr=15592&t=555f072d&ps=933b5bde&shp=8dbd94bf&shcp=d741f1be&idc=my2&from=2378011839,4.9,208500,26800,40410,34
IMPLORA Pewarna Rambut New Permanent Hair Color BPOM Exp 01/2024 Formula 3D Color 12 Varian Terbaru,https://shop-id.tokopedia.com/pdp/pewarna-rambut-permanen-bpom-formula-3d-warna-alami-vitamin/1731365769219310645,https://p16-oec-va.ibyteimg.com/tos-maliva-i-o3syd03w52-us/d8955693a1514dc5a5a3e3928a338f2f~tplv-o3syd03w52-crop-webp:300:300.webp?dr=15592&t=555f072d&ps=933b5bde&shp=8dbd94bf&shcp=d741f1be&idc=my2&from=2378011839,4.7,21000,10257,20000,49
"【New】Gel pengelupasan ekstrak herba, melembapkan, menyuburkan, Mencerahkan dan memperbaiki kulit kusam, 50g sesuai untuk seluruh badan Face Skincare exfoliate muka Exfoliating Wajah Perawatan Perontok Scrub Wanita Berminyak Hitam Wajah Perawatan Wanita",https://shop-id.tokopedia.com/pdp/gel-pengelupasan-simu-50g-mencerahkan-melembapkan-kulit/1731684516780672272,https://p16-oec-sg.ibyteimg.com/tos-alisg-i-aphluv4xwc-sg/e640d16483b947e5a80648e10a16b137~tplv-aphluv4xwc-crop-webp:300:300.webp?dr=15592&t=555f072d&ps=933b5bde&shp=8dbd94bf&shcp=d741f1be&idc=my2&from=2378011839,4.7,28300,33999,69999,51
[SPECIAL CREATOR] La Roche-Posay Cicaplast Baume B5+ 40ml-15ml (New Formula) - Face Body Moisturizer Dry Irritated Skin (Iritasi Ringan),https://shop-id.tokopedia.com/pdp/cicaplast-baume-b5-la-roche-posay-40ml-cream-perbaikan-kulit-melembapkan-kulit-sensitif-tanpa-pewang/1730782665312995186,https://p16-oec-sg.ibyteimg.com/tos-alisg-i-aphluv4xwc-sg/00f8d0025eac4c2ebf64364c00fb25b3~tplv-aphluv4xwc-crop-webp:300:300.webp?dr=15592&t=555f072d&ps=933b5bde&shp=8dbd94bf&shcp=d741f1be&idc=my2&from=2378011839,4.9,59100,161500,190000,15
Day Cream Viera Sunscreen & Night Cream with Retinol membantu Mencerahkan Wajah membantu Mengencangkan,https://shop-id.tokopedia.com/pdp/krim-siang-viera-sunscreen-krim-malam-retinol-anti-penuaan/1731596031316362331,https://p16-oec-sg.ibyteimg.com/tos-alisg-i-aphluv4xwc-sg/6b9834542f424137be37d7dacbf326de~tplv-aphluv4xwc-crop-webp:300:300.webp?dr=15592&t=555f072d&ps=933b5bde&shp=8dbd94bf&shcp=d741f1be&idc=my2&from=2378011839,4.8,27200,20000,50000,60
Glad2Glow Pomegranate Niacinamide Brightening Clay Mask 30g,https://shop-id.tokopedia.com/pdp/glad2glow-pomegranate-niacinamide-clay-mask-30g-mencerahkan-mengontrol-minyak-halus-dan-lembab/1729908953620121890,https://p16-oec-va.ibyteimg.com/tos-maliva-i-o3syd03w52-us/7ffc5e3135094e9aafc913e27f66411f~tplv-o3syd03w52-crop-webp:300:300.webp?dr=15592&t=555f072d&ps=933b5bde&shp=8dbd94bf&shcp=d741f1be&idc=my2&from=2378011839,4.9,16800,30000,99000,70
【Stock】KUDAN Kutek Kutek Halal Untuk Sholat Kutek Peel Off Kudan Kutek Halal（MZ019）,https://shop-id.tokopedia.com/pdp/cat-kuku-halal-kudan-28-warna-anti-formaldehid-peeling/1733349388430706047,https://p16-oec-sg.ibyteimg.com/tos-alisg-i-aphluv4xwc-sg/55b0cafb80fa429faf2175797f398639~tplv-aphluv4xwc-crop-webp:300:300.webp?dr=15592&t=555f072d&ps=933b5bde&shp=8dbd94bf&shcp=d741f1be&idc=my2&from=2378011839,4.7,2400,8999,20000,55
Spray Setting Make Up 100ml Tahan 24 Jam Melembabkan Oil Control Untuk Semua Jenis Kulit,https://shop-id.tokopedia.com/pdp/spray-penetapan-makeup-100ml-tahan-lama-mengontrol-minyak/1732949727470651056,https://p16-oec-sg.ibyteimg.com/tos-alisg-i-aphluv4xwc-sg/8fcca5f68b9443a09fa54e009a649156~tplv-aphluv4xwc-crop-webp:300:300.webp?dr=15592&t=555f072d&ps=933b5bde&shp=8dbd94bf&shcp=d741f1be&idc=my2&from=2378011839,4.7,1600,19000,38000,50
Garnier Bright Complete Vitamin C Serum Cleanser 100ml Pembersih Wajah Mencerahkan,https://shop-id.tokopedia.com/pdp/garnier-bright-complete-pembersih-wajah-100ml-serum-mencerahkan-kulit-cerah-35-teruji-dermatologi/1730694338885486022,https://p16-oec-sg.ibyteimg.com/tos-alisg-i-aphluv4xwc-sg/1f289578577247b49e5b05cdb3daec3a~tplv-aphluv4xwc-crop-webp:300:300.webp?dr=15592&t=555f072d&ps=933b5bde&shp=8dbd94bf&shcp=d741f1be&idc=my2&from=2378011839,4.9,15700,32500,38900,16
(EXCLUSIVE LARISSA) HIGH LONG LASTING SPARKLING SERIES ISI 3 BOTOL PARFUM WANGI TAHAN LAMA Perfume Box Wanita Lemon Bau Peach Orange Black PARFUM CEWEK WANITA,https://shop-id.tokopedia.com/pdp/parfum-wangi-tahan-lama-series-sparkling-isi-3-botol-lemon-peach/1730212516808721745,https://p16-oec-sg.ibyteimg.com/tos-alisg-i-aphluv4xwc-sg/9ce7be25cec0413980a9c3107f869e60~tplv-aphluv4xwc-crop-webp:300:300.webp?dr=15592&t=555f072d&ps=933b5bde&shp=8dbd94bf&shcp=d741f1be&idc=my2&from=2378011839,4.8,74100,39998,120000,67
Viva Queen Covering Cream (WATERPROOF) - 22gr (Tersedia 4 Varian Warna Foundation),https://shop-id.tokopedia.com/pdp/viva-queen-covering-cream-waterproof-22gr-tersedia-4-warna/1729384779520247436,https://p16-oec-sg.ibyteimg.com/tos-alisg-i-aphluv4xwc-sg/6fcd768716f74a2ca7993e23b8fcbe0e~tplv-aphluv4xwc-crop-webp:300:300.webp?dr=15592&t=555f072d&ps=933b5bde&shp=8dbd94bf&shcp=d741f1be&idc=my2&from=2378011839,4.8,42500,12400,16300,24
PROMO Acne Patch Variasi Warna Gradient Mix & Butterfly Series - Ungu Pink Hologram Kupu Kupu - Plester Jerawat - Tea Tree Oil,https://shop-id.tokopedia.com/pdp/jerawat-pure-hologram-variasi-warna-tea-tree-oil/1732256903669909395,https://p16-oec-sg.ibyteimg.com/tos-alisg-i-aphluv4xwc-sg/aca03d10b1314ee08c49f3eb8b974a87~tplv-aphluv4xwc-crop-webp:300:300.webp?dr=15592&t=555f072d&ps=933b5bde&shp=8dbd94bf&shcp=d741f1be&idc=my2&from=2378011839,4.8,2500,11400,16900,33
[PAKET 3 BALL] MAMAMIA Popok Bayi Tipe Celana Premium S34 M30 L26 XL22 - Super Lembut Extra Kering Soft Dry Pants,https://shop-id.tokopedia.com/pdp/popok-bayi-celana-premium-super-lembut-extra-kering-size-s-xl/1732959850982769978,https://p16-oec-va.ibyteimg.com/tos-maliva-i-o3syd03w52-us/aa97db8fe27540d5801a55b01fb05ce5~tplv-o3syd03w52-crop-webp:300:300.webp?dr=15592&t=555f072d&ps=933b5bde&shp=8dbd94bf&shcp=d741f1be&idc=my2&from=2378011839,4.8,1400,100000,180000,44
SHERIZ SPESIAL PAKET  (lotion+booster+sabun),https://shop-id.tokopedia.com/pdp/lotion-badan-cerah-melembutkan-kulit-uv-protection/1732494092838077937,https://p16-oec-sg.ibyteimg.com/tos-alisg-i-aphluv4xwc-sg/cd00627656ff47579e9e48f4a13d7434~tplv-aphluv4xwc-crop-webp:300:300.webp?dr=15592&t=555f072d&ps=933b5bde&shp=8dbd94bf&shcp=d741f1be&idc=my2&from=2378011839,4.8,524,159999,167000,4
[1 PCS] Purbasari Lipstick Color Matte / Lipstick Matte / Lipstick tahan 12jam - Ringan dan lembut di bibir Lipstik Pewarna Gloss Almond Liquid,https://shop-id.tokopedia.com/pdp/purbasari-lipstick-matte-tahan-12-jam-ringan-dan-halal/1729385608850802240,https://p16-oec-sg.ibyteimg.com/tos-alisg-i-aphluv4xwc-sg/25abea4448694c9fbd6bdf2017957b07~tplv-aphluv4xwc-crop-webp:300:300.webp?dr=15592&t=555f072d&ps=933b5bde&shp=8dbd94bf&shcp=d741f1be&idc=my2&from=2378011839,4.8,404200,30800,38900,21
【Ready Stock】Glad2Glow Face Wash Cleanser Gather -glowing blackhead barrier sensitif exfoliating Berjerawat Ceramide Exfoliating | pembersih wajah skincare memutihkan dan glowing | facial wash mencerahkan kulit kusam gentle sabun cuci muka low ph glow,https://shop-id.tokopedia.com/pdp/glad2glow-cleanser-gel-mencerahkan-menenangkan-kulit-sensitif/1730963541535720738,https://p16-oec-sg.ibyteimg.com/tos-alisg-i-aphluv4xwc-sg/a1c8569a71854554b723c4a8092c47a5~tplv-aphluv4xwc-crop-webp:299:300.webp?dr=15592&t=555f072d&ps=933b5bde&shp=8dbd94bf&shcp=d741f1be&idc=my2&from=2378011839,4.8,431600,35000,99000,65
BISA COD F6343 Hair Roll Pengeriting Rambut / Hair Curler Roller Polos Kering,https://shop-id.tokopedia.com/pdp/hair-curler-bisa-cod-f6343-roller-pengeriting-rambut-kering/1729760777777219273,https://p16-oec-va.ibyteimg.com/tos-maliva-i-o3syd03w52-us/5f438193776946908a06514b160afd33~tplv-o3syd03w52-crop-webp:300:300.webp?dr=15592&t=555f072d&ps=933b5bde&shp=8dbd94bf&shcp=d741f1be&idc=my2&from=2378011839,4.7,54200,3283,4690,30
Implora Day To Day Lite Matte Lipcream Ringan Melembapkan Hyaluronic Acid Lipstick Bibir Gloss Lipstik,https://shop-id.tokopedia.com/pdp/implora-lite-matte-lip-cream-6-pilihan-warna-menghidrasi/1729856993481427068,https://p16-oec-sg.ibyteimg.com/tos-alisg-i-aphluv4xwc-sg/b204711835384b5db72acc4dd0c17b92~tplv-aphluv4xwc-crop-webp:300:300.webp?dr=15592&t=555f072d&ps=933b5bde&shp=8dbd94bf&shcp=d741f1be&idc=my2&from=2378011839,4.8,666600,16875,38870,57
BUNDLE SET SCORA Bloop Pop Gloss Balm  2gr Lipgloss + Susncreen Bright Me Up spf 40,https://shop-id.tokopedia.com/pdp/lipbalm-spf-40-plumping-glossy-finish-bebas-lengket/1732638174407721998,https://p16-oec-sg.ibyteimg.com/tos-alisg-i-aphluv4xwc-sg/89b0866c12ec42cfb9cc86717545f0cb~tplv-aphluv4xwc-crop-webp:300:300.webp?dr=15592&t=555f072d&ps=933b5bde&shp=8dbd94bf&shcp=d741f1be&idc=my2&from=2378011839,4.9,1300,29500,49000,40
[NOT FOR SALE] Free Dove Creambath 30 gr,https://shop-id.tokopedia.com/pdp/1732919024217196407,https://p16-oec-sg.ibyteimg.com/tos-alisg-i-aphluv4xwc-sg/c86a46d433314fe0b6834db799f3fbfe~tplv-aphluv4xwc-crop-webp:300:300.webp?dr=15592&t=555f072d&ps=933b5bde&shp=8dbd94bf&shcp=d741f1be&idc=my2&from=2378011839,5.0,16100,500000,500000,0
COD Pemutih Pencerah Wajah -Dragon Blood Cream Pengecil Pori Pori-Pelembab Wajah Pore Tightening-CREAM SIANG MALAM PERAWATAN WAJAH KECANTIKAN KULIT MUKA KRIM PENCERAH  PAKET CREAM MUKA SKINCARE 50g Anti-Wrinkle Cream,https://shop-id.tokopedia.com/pdp/qme-pemutih-pencerah-wajah-krim-dragon-blood-50g-pori-pori-kecil-anti-aging/1731659089985635996,https://p16-oec-va.ibyteimg.com/tos-maliva-i-o3syd03w52-us/10323d06a30240c7a1a99d87fe459a86~tplv-o3syd03w52-crop-webp:300:300.webp?dr=15592&t=555f072d&ps=933b5bde&shp=8dbd94bf&shcp=d741f1be&idc=my2&from=2378011839,4.7,48100,29160,63470,54
Jestham Hemat Face Cream (Special) - Perawatan Wajah - Mencerahkan,https://shop-id.tokopedia.com/pdp/jestham-hemat-face-cream-cerahkan-wajah-lembut-dan-sehat/1730583845271143861,https://p16-oec-sg.ibyteimg.com/tos-alisg-i-aphluv4xwc-sg/d1f19e7a8e204a26a362ea7f26262c30~tplv-aphluv4xwc-crop-webp:300:300.webp?dr=15592&t=555f072d&ps=933b5bde&shp=8dbd94bf&shcp=d741f1be&idc=my2&from=2378011839,4.9,46700,500000,500000,0
HANASUI Serum Cushion Refill,https://shop-id.tokopedia.com/pdp/hanasui-serum-cushion-refill-foundation-hybrid-coverage-sempurna-melembapkan-wajah-hasil-dewy-natura/1729734539175166979,https://p16-oec-sg.ibyteimg.com/tos-alisg-i-aphluv4xwc-sg/40d775e9dd2e4234b90170ea8b5ae8a4~tplv-aphluv4xwc-crop-webp:300:300.webp?dr=15592&t=555f072d&ps=933b5bde&shp=8dbd94bf&shcp=d741f1be&idc=my2&from=2378011839,4.8,92100,53761,65148,17
Parfum Pria Wanita 35ml Best Seller/parfum Refill,https://shop-id.tokopedia.com/pdp/parfum-pria-wanita-lilabo35-35ml-best-seller-aroma-tahan-lama-segar/1729918662580341341,https://p16-oec-sg.ibyteimg.com/tos-alisg-i-aphluv4xwc-sg/2a99fa08b7c94bb08228e794e09a6ab2~tplv-aphluv4xwc-crop-webp:300:300.webp?dr=15592&t=555f072d&ps=933b5bde&shp=8dbd94bf&shcp=d741f1be&idc=my2&from=2378011839,4.6,381700,8100,15000,46
Mysticeyes 5 Item Paket kombinasi softlens (Minus 0~4.00) ：1* Softlens + Air Pencuci Softlens 60ml +Tetes Mata 10ML + Alat Cuci Softlens + Travel Tempat Lensa,https://shop-id.tokopedia.com/pdp/softlens-mysticeyes-paket-5-item-minus-0-4-00-air-pencuci-60ml-10ml-aplikator-gratis/1729698824105067546,https://p16-oec-sg.ibyteimg.com/tos-alisg-i-aphluv4xwc-sg/194bb767b19747e2b9e6b356b8077bf1~tplv-aphluv4xwc-crop-webp:300:300.webp?dr=15592&t=555f072d&ps=933b5bde&shp=8dbd94bf&shcp=d741f1be&idc=my2&from=2378011839,4.8,30100,34899,85000,59
"Lem Bulu Mata Ekstensi Lem Bulu Mata Glue Eyelash Tidak Perih dan Tahan Lama - Extension, Bulumata  Aksesoris",https://shop-id.tokopedia.com/pdp/lem-bulu-mata-ekstensi-tahan-lama-tidak-2-5ml/1730806071073080957,https://p16-oec-sg.ibyteimg.com/tos-alisg-i-aphluv4xwc-sg/8a4b9a73b3a24ed691fa4367725a818d~tplv-aphluv4xwc-crop-webp:300:300.webp?dr=15592&t=555f072d&ps=933b5bde&shp=8dbd94bf&shcp=d741f1be&idc=my2&from=2378011839,4.7,19400,15900,15900,0
DR. JOU - Gentle Cleansing Whip (Facial Wash) | Hyaluronic Acid Moisturizing Foaming Whip 145ml | Samarkan Kerutan & Garis Halus | Samarkan Flek Hitam | BPOM,https://shop-id.tokopedia.com/pdp/sabun-cuci-muka-dr-jou-anti-aging-hidrasi-2x-kulit-glowing/1729669152813778509,https://p16-oec-sg.ibyteimg.com/tos-alisg-i-aphluv4xwc-sg/8da4d21e7eda4729a2bfaa1452cd62a2~tplv-aphluv4xwc-crop-webp:300:300.webp?dr=15592&t=555f072d&ps=933b5bde&shp=8dbd94bf&shcp=d741f1be&idc=my2&from=2378011839,4.9,63800,228900,399000,43
[ Paket 6 PACK ] Selection Facial Cotton Kapas Kecantikan Halus Lembut Isi 35 Gram ( Ukuran KECIL) / Pembersih Wajah,https://shop-id.tokopedia.com/pdp/kapas-wajah-selection-6-pack-tekstur-lembut-35-gram-higienis/1729633400160421547,https://p16-oec-sg.ibyteimg.com/tos-alisg-i-aphluv4xwc-sg/ccfb6f7237db4f0bb801642f2aae7d2c~tplv-aphluv4xwc-crop-webp:300:300.webp?dr=15592&t=555f072d&ps=933b5bde&shp=8dbd94bf&shcp=d741f1be&idc=my2&from=2378011839,4.9,4300,38499,58000,34
Lfree Popok Celana Dewasa Kemasan Repack Baru Hemat Berkualitas Orang Tua,https://shop-id.tokopedia.com/pdp/popok-celana-dewasa-lfree-repack-baru-nyaman-daya-serap-tinggi/1731013657793365206,https://p16-oec-sg.ibyteimg.com/tos-alisg-i-aphluv4xwc-sg/86b5616783914c2a99eb5a46aaa170cb~tplv-aphluv4xwc-crop-webp:300:300.webp?dr=15592&t=555f072d&ps=933b5bde&shp=8dbd94bf&shcp=d741f1be&idc=my2&from=2378011839,4.8,2800,24000,40000,40
NEW! Emina Bright Stuff Moisturizing Cream 20 ml - Pelembab Wajah Mencerahkan,https://shop-id.tokopedia.com/pdp/krim-melembabkan-mencerahkan-kulit-anti-penuaan-20ml/1731836869340465010,https://p16-oec-sg.ibyteimg.com/tos-alisg-i-aphluv4xwc-sg/55a28cc420f04f9284c34e1107412d89~tplv-aphluv4xwc-crop-webp:300:300.webp?dr=15592&t=555f072d&ps=933b5bde&shp=8dbd94bf&shcp=d741f1be&idc=my2&from=2378011839,4.9,245,23990,23990,0
Scentplus Dominant Extrait de Parfum - Pro Player Series,https://shop-id.tokopedia.com/pdp/scentplus-pro-player-dominant-parfum-pria-wangi-elegant-aroma-raspberry-dan-rose-kayu-maskulin-yang-/1730141500110963912,https://p16-oec-sg.ibyteimg.com/tos-alisg-i-aphluv4xwc-sg/d2decbe88c21463dbcaa956d39f1dd4d~tplv-aphluv4xwc-crop-webp:300:300.webp?dr=15592&t=555f072d&ps=933b5bde&shp=8dbd94bf&shcp=d741f1be&idc=my2&from=2378011839,4.9,96800,167721,406000,59
【New】Glad2Glow PERFECT VC BRIGHT GLOW CLEANSER-Pemutih Pembersih Wajah 3 in 1 Vitamin C Niacinamide Untuk Mencerahkan Melembabkan Kulit Kusam Glowing Segar Bersih Sehat All Skin Type VITA C,https://shop-id.tokopedia.com/pdp/glad2glow-perfect-vc-bright-glow-cleanser-pembersih-wajah-3-in-1-mencerahkan-melembapkan-cocok-semua/1733418926984561954,https://p16-oec-sg.ibyteimg.com/tos-alisg-i-aphluv4xwc-sg/879bb994d7d646fa84a5406f498988e6~tplv-aphluv4xwc-crop-webp:299:300.webp?dr=15592&t=555f072d&ps=933b5bde&shp=8dbd94bf&shcp=d741f1be&idc=my2&from=2378011839,4.9,2200,42000,99000,58
day cream plus Sunscreen TBG  spf UV filter BPOM,https://shop-id.tokopedia.com/pdp/krim-hari-sunscreen-tbg-spf-50-lindungi-kulit-wajah-haluskan-dan-tutupi-noda-hitam/1729595287897606803,https://p16-oec-sg.ibyteimg.com/tos-alisg-i-aphluv4xwc-sg/8cf8e200ade74865921e1232767db3ea~tplv-aphluv4xwc-crop-webp:300:300.webp?dr=15592&t=555f072d&ps=933b5bde&shp=8dbd94bf&shcp=d741f1be&idc=my2&from=2378011839,4.8,50400,20000,25000,20
Gendes Sweet Aromatic Feminine Hygiene Spray With Vanila 23ml - Merawat Area Kewanitaan,https://shop-id.tokopedia.com/pdp/1732881715483411853,https://p16-oec-sg.ibyteimg.com/tos-alisg-i-aphluv4xwc-sg/269913e21bf24e69be1ad652616eb710~tplv-aphluv4xwc-crop-webp:300:300.webp?dr=15592&t=555f072d&ps=933b5bde&shp=8dbd94bf&shcp=d741f1be&idc=my2&from=2378011839,4.8,5600,57348,118000,51
LGNIS Bulu Mata Palsu  Mata Komik Alami yang Dicangkokkan Bulu Mata Palsu Bervolume Alami + Lem Bulu Mata  Eyelash Bulumata  Extension,https://shop-id.tokopedia.com/pdp/bulu-mata-palsu-lgnis-tampilan-alami-kenyamanan-terbaik/1730504731025376655,https://p16-oec-sg.ibyteimg.com/tos-alisg-i-aphluv4xwc-sg/72b292429b734bd1a8f6a4b995c7bfdb~tplv-aphluv4xwc-crop-webp:300:300.webp?dr=15592&t=555f072d&ps=933b5bde&shp=8dbd94bf&shcp=d741f1be&idc=my2&from=2378011839,4.7,51300,10498,30000,65
PAKET 6PCS TAWAS DEODORANT SPRAY AROMA,https://shop-id.tokopedia.com/pdp/paket-6pcs-deodorant-spray-aroma-sakura-snappy-anti-bau/1732139312120497999,https://p16-oec-sg.ibyteimg.com/tos-alisg-i-aphluv4xwc-sg/6d049f4356664879896c12e870ef3645~tplv-aphluv4xwc-crop-webp:300:300.webp?dr=15592&t=555f072d&ps=933b5bde&shp=8dbd94bf&shcp=d741f1be&idc=my2&from=2378011839,4.8,14700,19900,40000,50
PNEUMA Shampoo Anti Rontok 3-in-1 Ginseng 300ml Wanginya Segar Tahan 24 Jam Conditioner Terintegrasi Efek Penghitam Alami Perawatan Lengkap Rambut Kering & Rusak,https://shop-id.tokopedia.com/pdp/pneuma-shampo-anti-rontok-perawatan-rambut-3in1-dandruff-control/1730446408856536182,https://p16-oec-sg.ibyteimg.com/tos-alisg-i-aphluv4xwc-sg/e22971d17d8843be839cbfb57a7aa942~tplv-aphluv4xwc-crop-webp:300:300.webp?dr=15592&t=555f072d&ps=933b5bde&shp=8dbd94bf&shcp=d741f1be&idc=my2&from=2378011839,4.8,72600,50000,79520,37
MINIPINK X PINKFLASH Double Shaping 3D Makeup Stick Three Shaping Counturing Lembut dan Halus MP052,https://shop-id.tokopedia.com/pdp/pensil-kontur-3-in-1-tebal-halus-untuk-semua-jenis-kulit/1731661830342018209,https://p16-oec-sg.ibyteimg.com/tos-alisg-i-aphluv4xwc-sg/1e23da227fea417ca2f982df867a6cb3~tplv-aphluv4xwc-crop-webp:300:300.webp?dr=15592&t=555f072d&ps=933b5bde&shp=8dbd94bf&shcp=d741f1be&idc=my2&from=2378011839,4.5,3300,8624,8624,0
Collagen Whitening Body Lotion 300g Permanent Skin Whitening Moisturizer Revitalizing Skin Removing Dullness Brightening Skin Tone Anti-Wrinkle Anti-Aging Collagen Body Lotion / Pemutih Badan Permanen Pelembab Dan Meremajakan,https://shop-id.tokopedia.com/pdp/sadoer-body-lotion-pemutih-badan-permanen-melembabkan-anti-aging/1730347739311998317,https://p16-oec-va.ibyteimg.com/tos-maliva-i-o3syd03w52-us/23b59c60f79045bbb850eb07603cc613~tplv-o3syd03w52-crop-webp:300:300.webp?dr=15592&t=555f072d&ps=933b5bde&shp=8dbd94bf&shcp=d741f1be&idc=my2&from=2378011839,4.7,29800,23399,49000,52
Finally Found You! Ocean Blue Pea Dual-Phase Essence Mist 100ml - Hidratasi Kulit & Antioksidan Kaya - BPOM NA18251203876,https://shop-id.tokopedia.com/pdp/ocean-blue-pea-dual-phase-essence-mist-100ml-untuk-hidrasi-kulit-memperbaiki-elastisitas-menenangkan/1731778796322063725,https://p16-oec-sg.ibyteimg.com/tos-alisg-i-aphluv4xwc-sg/9aa266c061a54b1a8dad7ed7747de180~tplv-aphluv4xwc-crop-webp:300:300.webp?dr=15592&t=555f072d&ps=933b5bde&shp=8dbd94bf&shcp=d741f1be&idc=my2&from=2378011839,4.9,14400,134000,179000,25
Henna Khadijah Inai kuku Khadijah premium BPOM,https://shop-id.tokopedia.com/pdp/henna-khadijah-10ml-vitamin-kuku-10ml-pewarna-kuku-alami/1730831785905390957,https://p16-oec-sg.ibyteimg.com/tos-alisg-i-aphluv4xwc-sg/5107231bd7844579832ecc7cf0d89487~tplv-aphluv4xwc-crop-webp:300:300.webp?dr=15592&t=555f072d&ps=933b5bde&shp=8dbd94bf&shcp=d741f1be&idc=my2&from=2378011839,4.8,49900,13200,23500,44
Gatsby Prime Body Perfume Spray,https://shop-id.tokopedia.com/pdp/gatsby-prime-body-perfume-spray-4-varian-menawan-100ml/1730890297269716000,https://p16-oec-sg.ibyteimg.com/tos-alisg-i-aphluv4xwc-sg/5c2d42290e074a36bb4b5941ddcdb468~tplv-aphluv4xwc-crop-webp:300:300.webp?dr=15592&t=555f072d&ps=933b5bde&shp=8dbd94bf&shcp=d741f1be&idc=my2&from=2378011839,4.8,8000,13750,16300,16
HNH Skincare - Glow Sunscreen - Sunscreen Wajah SPF 50 PA++++ /  Tinted Sunscreen / Sunscreen Glowing Berminyak Mencerahkan Acid Kusam Berjerawat Facial Kosmetik Perawatan,https://shop-id.tokopedia.com/pdp/hnh-skincare-sunscreen-spf-50-pa-wajah-cerah-dan-glowing-perlindungan-uva-uvb-tekstur-ringan-cocok-u/1729903464469660765,https://p16-oec-sg.ibyteimg.com/tos-alisg-i-aphluv4xwc-sg/487bb95f8b1b4c73805b60ad4eb9bc52~tplv-aphluv4xwc-crop-webp:300:300.webp?dr=15592&t=555f072d&ps=933b5bde&shp=8dbd94bf&shcp=d741f1be&idc=my2&from=2378011839,4.9,33200,185000,185000,0
IMPLORA Jelly Tint | Lip Tint Glossy | BPOM Lipstick Liptint,https://shop-id.tokopedia.com/pdp/implora-jelly-tint-lip-tint-glossy-9-warna-tahan-lama/1729623799628597190,https://p16-oec-sg.ibyteimg.com/tos-alisg-i-aphluv4xwc-sg/b0930cb86d9344e7a5f20759975907d3~tplv-aphluv4xwc-crop-webp:300:300.webp?dr=15592&t=555f072d&ps=933b5bde&shp=8dbd94bf&shcp=d741f1be&idc=my2&from=2378011839,4.8,30500,16818,30000,44
Hot Kid Pink Brown Eye Contact Lens Soflens Beauty Lens Softlens Lensa Berwarna Lensa mata Ukuran 14.0mm Merah Muda dan Cokelat,https://shop-id.tokopedia.com/pdp/lensa-kontak-hot-kid-pink-beautylens-14-0mm-nyaman-aman-2-pcs/1729648936419165381,https://p16-oec-sg.ibyteimg.com/tos-alisg-i-aphluv4xwc-sg/465aaebd0fa34edb9c47f79c842c7e0f~tplv-aphluv4xwc-crop-webp:300:300.webp?dr=15592&t=555f072d&ps=933b5bde&shp=8dbd94bf&shcp=d741f1be&idc=my2&from=2378011839,4.9,75600,32172,80000,60
【NEW】Parfum TERBARU 35ML Wanita Pria Kualitas Terbaik,https://shop-id.tokopedia.com/pdp/1733816678976685758,https://p16-oec-sg.ibyteimg.com/tos-alisg-i-aphluv4xwc-sg/6ea0d1e888c2413eafbe1f546acf9494~tplv-aphluv4xwc-crop-webp:300:300.webp?dr=15592&t=555f072d&ps=933b5bde&shp=8dbd94bf&shcp=d741f1be&idc=my2&from=2378011839,4.6,1000,10000,10000,0
[ITERSEDIA & COD】5pcs Lipstik Lip Glaze SetBerbagai Warna Matte Tidak Mudah LunturCokelat Lima Potong Cocok Untuk BerbagaiKebutuhan Riasan Siswa Hadiah Bagus TidakMudah Menempel Cangkir Efek Pemutih AjaibEfek Tahan Lama,https://shop-id.tokopedia.com/pdp/lipstik-matte-cokelat-5pcs-waterproof-tahan-luntur-riasan-sehari-hari/1731644228288283723,https://p16-oec-sg.ibyteimg.com/tos-alisg-i-aphluv4xwc-sg/935ab90351b54164a496580910742dfb~tplv-aphluv4xwc-crop-webp:300:300.webp?dr=15592&t=555f072d&ps=933b5bde&shp=8dbd94bf&shcp=d741f1be&idc=my2&from=2378011839,4.6,87400,29999,90000,67
Diosys Serum Pelindung rambut 60ml plus vitamin E DIOSYS diosys hair serum vitamin hair perawatan rambut spray,https://shop-id.tokopedia.com/pdp/serum-pelindung-rambut-diosys-60ml-vitamin-e-melembabkan-mengilapkan/1729630209962968745,https://p16-oec-sg.ibyteimg.com/tos-alisg-i-aphluv4xwc-sg/475c825cd38f40888086476e3d8df71a~tplv-aphluv4xwc-crop-webp:300:300.webp?dr=15592&t=555f072d&ps=933b5bde&shp=8dbd94bf&shcp=d741f1be&idc=my2&from=2378011839,4.9,33000,17499,30000,42
SKINTIFIC 5X Ceramide Barrier Repair Moisture Gel 80G,https://shop-id.tokopedia.com/pdp/skintific-5x-ceramide-gel-hidrasi-kulit-perbaiki-inflamasi-80g/1731071114533176910,https://p16-oec-sg.ibyteimg.com/tos-alisg-i-aphluv4xwc-sg/a15552726ae44292b0ebf98fae444cbc~tplv-aphluv4xwc-crop-webp:300:300.webp?dr=15592&t=555f072d&ps=933b5bde&shp=8dbd94bf&shcp=d741f1be&idc=my2&from=2378011839,4.9,26500,259000,339000,24
Penghilang Kerut Wajah Kelopak Mata Pena Pijat Kecantikan Elektrik Multifungsi,https://shop-id.tokopedia.com/pdp/penghilang-kerut-wajah-biutte-pena-pijat-elektrik-multifungsi-desain-mini-portable/1731334660624451105,https://p16-oec-sg.ibyteimg.com/tos-alisg-i-aphluv4xwc-sg/5519027858a942b09feebc008e0bfb91~tplv-aphluv4xwc-crop-webp:300:300.webp?dr=15592&t=555f072d&ps=933b5bde&shp=8dbd94bf&shcp=d741f1be&idc=my2&from=2378011839,4.8,2200,20700,21000,1
Tempat Bedak Tabur Wadah Travel Loose Powder Dengan Cermin Plus Puff HM1081,https://shop-id.tokopedia.com/pdp/tempat-bedak-tabur-travel-dengan-puff-ringkas-praktis/1732575296071239508,https://p16-oec-va.ibyteimg.com/tos-maliva-i-o3syd03w52-us/543eb790cbe8450099a3da1f97cba6f5~tplv-o3syd03w52-crop-webp:300:300.webp?dr=15592&t=555f072d&ps=933b5bde&shp=8dbd94bf&shcp=d741f1be&idc=my2&from=2378011839,4.8,1700,10187,18000,43
Implora Caffe Matte Lip Cream | Lip Transferproof dengan  UV Shield Protection | Pigmented & Colorlock | BlurMatte,https://shop-id.tokopedia.com/pdp/implora-npl-produk-baru-dari-improra-berkualitas-tinggi/1732384603376288892,https://p16-oec-sg.ibyteimg.com/tos-alisg-i-aphluv4xwc-sg/7164aa4eeadd4b61858697a2c11ecaf8~tplv-aphluv4xwc-crop-webp:300:300.webp?dr=15592&t=555f072d&ps=933b5bde&shp=8dbd94bf&shcp=d741f1be&idc=my2&from=2378011839,4.8,192000,22000,27500,20
[BPOM] Mugwort Clay Stick Cindynal - Masker Praktis untuk Kulit Bersih dan Glowing,https://shop-id.tokopedia.com/pdp/mugwort-clay-stick-cindynal-masker-kulit-glowing-dan-bersih/1730713606625526908,https://p16-oec-sg.ibyteimg.com/tos-alisg-i-aphluv4xwc-sg/68b3c16f26bd437bb1eceb84e4713c36~tplv-aphluv4xwc-crop-webp:300:300.webp?dr=15592&t=555f072d&ps=933b5bde&shp=8dbd94bf&shcp=d741f1be&idc=my2&from=2378011839,4.8,783,19900,45000,56
Vaseline Lip Care Pelembut & Pencerah Bibir Rosy Tinted 10gr,https://shop-id.tokopedia.com/pdp/vaseline-lip-care-pelembut-bibir-rosy-tinted-10gr-melembapkan-menutrisi/1729448162294991368,https://p16-oec-sg.ibyteimg.com/tos-alisg-i-aphluv4xwc-sg/04a77c3796ec4febbfac3b2404991e02~tplv-aphluv4xwc-crop-webp:300:296.webp?dr=15592&t=555f072d&ps=933b5bde&shp=8dbd94bf&shcp=d741f1be&idc=my2&from=2378011839,4.9,29600,33915,35700,5
[BPOM] Kutek Kudan 10ml kutek halal Bisa dikupas kutek peel off muslimah BPOM / Nail Polish Kudan 10ml / Perawatan tangan / nail polish nail art,https://shop-id.tokopedia.com/pdp/kutek-kudan-10ml-halal-dapat-dikupas-40-varian-warna/1730890202682328087,https://p16-oec-sg.ibyteimg.com/tos-alisg-i-aphluv4xwc-sg/e9d90fb358ff48f0a2f67a21d3cbd43f~tplv-aphluv4xwc-crop-webp:300:300.webp?dr=15592&t=555f072d&ps=933b5bde&shp=8dbd94bf&shcp=d741f1be&idc=my2&from=2378011839,4.9,8900,3900,3900,0
Maybelline Superstay Matte Ink Bibir Lipstick,https://shop-id.tokopedia.com/pdp/maybelline-superstay-matte-ink-lipstik-cair-transferproof-anti-kering/1729543710347004341,https://p16-oec-va.ibyteimg.com/tos-maliva-i-o3syd03w52-us/e9896efa89f244e881a012dc50baca3d~tplv-o3syd03w52-crop-webp:300:300.webp?dr=15592&t=555f072d&ps=933b5bde&shp=8dbd94bf&shcp=d741f1be&idc=my2&from=2378011839,4.9,59900,77724,139180,44
Mustika Ratu Zaitun 175ml & 75ml - Minyak Pijat Melembutkan Untuk Kulit Kering,https://shop-id.tokopedia.com/pdp/minyak-zaitun-aromaterapi-pelembab-badan-pijat/1731571509803583337,https://p16-oec-sg.ibyteimg.com/tos-alisg-i-aphluv4xwc-sg/img/VqbcmM/2024/11/14/5a71c9f6-60dc-486d-829e-dd9aefb3604c.png~tplv-aphluv4xwc-crop-webp:300:300.webp?dr=15592&t=555f072d&ps=933b5bde&shp=8dbd94bf&shcp=d741f1be&idc=my2&from=2378011839,4.9,15200,20130,20875,4
GATSBY Splash Cologne 175 ml,https://shop-id.tokopedia.com/pdp/gatsby-cologne-deep-ocean-175ml-karakter-musky-floral-segar/1729543711496440245,https://p16-oec-va.ibyteimg.com/tos-maliva-i-o3syd03w52-us/8402a9a283ca42f591920acb0371d5cb~tplv-o3syd03w52-crop-webp:300:300.webp?dr=15592&t=555f072d&ps=933b5bde&shp=8dbd94bf&shcp=d741f1be&idc=my2&from=2378011839,4.9,16100,15725,19500,19
[Kulit Berminyak] SKINTIFIC  Matte Fit Serum Sunscreen 30g/50g SPF50+ PA++++,https://shop-id.tokopedia.com/pdp/skintific-matte-fit-sunscreen-30g-50g-spf50-pa-ringan-halus-tanpa-whitecast-kontrol-minyak-8-jam/1730864247952803406,https://p16-oec-sg.ibyteimg.com/tos-alisg-i-aphluv4xwc-sg/e23c3f4e1dfd4c42818913a956198b6e~tplv-aphluv4xwc-crop-webp:300:300.webp?dr=15592&t=555f072d&ps=933b5bde&shp=8dbd94bf&shcp=d741f1be&idc=my2&from=2378011839,4.9,29700,79000,199000,60
Evangeline Premium 100ml | Parfum Wanita Tahan Lama Long Lasting Perfume Tubuh Wangi Lembut,https://shop-id.tokopedia.com/pdp/evangeline-premium-100ml-parfum-tahan-lama-wangi-peony-peach/1729650346693724548,https://p16-oec-sg.ibyteimg.com/tos-alisg-i-aphluv4xwc-sg/b9c1d7b5ed6f4aecbd7c97ecb5068dcd~tplv-aphluv4xwc-crop-webp:300:300.webp?dr=15592&t=555f072d&ps=933b5bde&shp=8dbd94bf&shcp=d741f1be&idc=my2&from=2378011839,4.8,307800,38850,90000,57
Implora New Permanent Hair Color | Pewarna Rambut Black Brown Burgundy,https://shop-id.tokopedia.com/pdp/pewarna-rambut-implora-new-permanent-hair-color-12-varian-warna-alami-multi-dimensi/1729382312735704188,https://p16-oec-sg.ibyteimg.com/tos-alisg-i-aphluv4xwc-sg/4e1ca4c0b3814d859c94c9cea8ea6f27~tplv-aphluv4xwc-crop-webp:300:300.webp?dr=15592&t=555f072d&ps=933b5bde&shp=8dbd94bf&shcp=d741f1be&idc=my2&from=2378011839,4.8,151900,12200,17000,28
YONI SKIN CARE - ISI 2 PCS WHITENING BODY CREAM 250GR | A 10,https://shop-id.tokopedia.com/pdp/yoni-skin-care-krim-tubuh-whitening-olive-oil-250gr-2pcs/1731543762949342426,https://p16-oec-sg.ibyteimg.com/tos-alisg-i-aphluv4xwc-sg/9c16d87014af4701973f1e3a576abee1~tplv-aphluv4xwc-crop-webp:300:300.webp?dr=15592&t=555f072d&ps=933b5bde&shp=8dbd94bf&shcp=d741f1be&idc=my2&from=2378011839,4.8,130300,50000,235000,79
"SONIK SCENTS SKIN NICE BODY TONER MERAH 200 ML Glycerin, Niacinamide, Glycolic Acid, allantoin",https://shop-id.tokopedia.com/pdp/1733700149591966811,https://p16-oec-sg.ibyteimg.com/tos-alisg-i-aphluv4xwc-sg/9625b14872b24880a53f7a2a7ca6f6db~tplv-aphluv4xwc-crop-webp:300:300.webp?dr=15592&t=555f072d&ps=933b5bde&shp=8dbd94bf&shcp=d741f1be&idc=my2&from=2378011839,4.8,91800,11900,35000,66
Implora parfum Eau De Toilette perfume swan angsa bebek EDT | Eau De Parfum Pita | Woman minyak wangi tubuh (BPOM),https://shop-id.tokopedia.com/pdp/implora-eau-de-toilette-wanita-100ml-aroma-citrus-buah-segar/1731478458848085690,https://p16-oec-sg.ibyteimg.com/tos-alisg-i-aphluv4xwc-sg/5cfb332e70674b8ab11f30cca77f66f2~tplv-aphluv4xwc-crop-webp:300:300.webp?dr=15592&t=555f072d&ps=933b5bde&shp=8dbd94bf&shcp=d741f1be&idc=my2&from=2378011839,4.9,9800,25400,42000,40
"Midday Bear Sea Popok Perekat dan Popok Celana Bayi Pull-Up Pants Sekali Pakai Daya Serap Extra Night Pants - All Size NB/S,M-XXL",https://shop-id.tokopedia.com/pdp/popok-celana-bayi-midday-bear-daya-serap-tinggi-super-tipis-nyaman/1730872695844865868,https://p16-oec-sg.ibyteimg.com/tos-alisg-i-aphluv4xwc-sg/1f7eb43381e044d89cab3ff276d21f2d~tplv-aphluv4xwc-crop-webp:300:300.webp?dr=15592&t=555f072d&ps=933b5bde&shp=8dbd94bf&shcp=d741f1be&idc=my2&from=2378011839,4.9,11200,167000,240000,30
"[NEW!] OMG Oh My Glow Brightening & Soothing Toner - Mencerahkan, Menenangkan, Mengandung Niacinamide + Hyaluronic & CicaBoost + Panthenol",https://shop-id.tokopedia.com/pdp/toner-oh-my-glow-mencerahkan-menenangkan-niacinamide-hyaluronic/1733551239648413075,https://p16-oec-sg.ibyteimg.com/tos-alisg-i-aphluv4xwc-sg/b50e8bdc5a7048288c31efc1f8c68b37~tplv-aphluv4xwc-crop-webp:300:300.webp?dr=15592&t=555f072d&ps=933b5bde&shp=8dbd94bf&shcp=d741f1be&idc=my2&from=2378011839,4.9,6000,14250,29900,52
"Glycore 10% Cream untuk Meremajakan Kulit (10 Gram) | Mengatasi Hiperpigmentasi, Bintik Hitam pada Kulit serta Memperbaiki Kelembutan Kulit | Mengandung Bahan Aktif Glycolic Acid",https://shop-id.tokopedia.com/pdp/glycore-10-cream-meremajakan-kulit-mengurangi-noda-hitam/1730785447075415487,https://p16-oec-sg.ibyteimg.com/tos-alisg-i-aphluv4xwc-sg/3b0102873fbf4d7c93df18d15804d40e~tplv-aphluv4xwc-crop-webp:300:300.webp?dr=15592&t=555f072d&ps=933b5bde&shp=8dbd94bf&shcp=d741f1be&idc=my2&from=2378011839,4.9,19000,26500,39000,32
Chocolate Glitter Eyeshadow Palette Sparkling Matte Shimmer Brown High Pigment Blendable Shades 9 Colors Brown Eyeshadow Palette / Premium Quality Termurah,https://shop-id.tokopedia.com/pdp/palet-eyeshadow-coklat-glitter-9-warna-matte-shimmer-berkualitas/1731122936051500834,https://p16-oec-sg.ibyteimg.com/tos-alisg-i-aphluv4xwc-sg/a79107d383a046719a028c5cf7fe2783~tplv-aphluv4xwc-crop-webp:300:300.webp?dr=15592&t=555f072d&ps=933b5bde&shp=8dbd94bf&shcp=d741f1be&idc=my2&from=2378011839,4.8,3000,13150,25000,47
Starcare Popok Celana Dewasa M18 +2/L16 +2/XL14 +2 Popok Celana Lansia,https://shop-id.tokopedia.com/pdp/starcare-popok-celana-dewasa-m18-2-l16-2-xl14-2-untuk-lansia/1731453128996717947,https://p16-oec-sg.ibyteimg.com/tos-alisg-i-aphluv4xwc-sg/bb8c391ebf884a00b7fc7a086abb2775~tplv-aphluv4xwc-crop-webp:300:300.webp?dr=15592&t=555f072d&ps=933b5bde&shp=8dbd94bf&shcp=d741f1be&idc=my2&from=2378011839,4.9,1700,79800,79800,0
Ovale Perfect Luminous 200ml | Facial Toner Bengkoang 200ml | Toner untuk Kulit Kusam,https://shop-id.tokopedia.com/pdp/ovale-facial-toner-bengkoang-200ml-mencerahkan-dan-melembutkan-kulit/1730734205663938407,https://p16-oec-sg.ibyteimg.com/tos-alisg-i-aphluv4xwc-sg/c99e2389992644198cdc023d707a1121~tplv-aphluv4xwc-crop-webp:300:300.webp?dr=15592&t=555f072d&ps=933b5bde&shp=8dbd94bf&shcp=d741f1be&idc=my2&from=2378011839,4.9,14700,40480,44000,8
"HANASUI Serum Advance & Renew - Best Seller Cerah & Glowing (Vitamin C+Collagen, Whitening Gold, Retinol, Exfoliating Vitamin C, Anti Ance)",https://shop-id.tokopedia.com/pdp/hanasui-serum-advance-renew-cerah-glowing-vitamin-c-collagen-anti-jerawat/1729383737745703939,https://p16-oec-sg.ibyteimg.com/tos-alisg-i-aphluv4xwc-sg/67dbc92a9a2e403290afaaffa98cc9de~tplv-aphluv4xwc-crop-webp:300:300.webp?dr=15592&t=555f072d&ps=933b5bde&shp=8dbd94bf&shcp=d741f1be&idc=my2&from=2378011839,4.9,946400,26226,39032,33
"(5PCS) WSCHNEE PEWARNA RAMBUT VIRAL, BUBBLE HAIR DYE CREAM COLOR INSTAN , TERDAPAT 3 WARNA",https://shop-id.tokopedia.com/pdp/krim-pewarna-rambut-fajazz-5pcs-hitam-kopi-coklat-mudah-dipakai/1730878248623768764,https://p16-oec-sg.ibyteimg.com/tos-alisg-i-aphluv4xwc-sg/1b30f724a5a04cbc838abf0a05c1fcb9~tplv-aphluv4xwc-crop-webp:299:300.webp?dr=15592&t=555f072d&ps=933b5bde&shp=8dbd94bf&shcp=d741f1be&idc=my2&from=2378011839,4.7,105900,20700,60000,66
YOO Tiger Lip Clay Non Sticky Matte Lip Clay Long Lasting Lipstick Clay Lip Liquid Velvet Matte Tidak Lengket Tahan Lama Gloss Lipstik,https://shop-id.tokopedia.com/pdp/yoo-tiger-lip-clay-non-sticky-matte-tahan-lama-lembut/1733297384928085660,https://p16-oec-sg.ibyteimg.com/tos-alisg-i-aphluv4xwc-sg/15d837d6cb424fbd95cc0a7e53ce48c7~tplv-aphluv4xwc-crop-webp:300:300.webp?dr=15592&t=555f072d&ps=933b5bde&shp=8dbd94bf&shcp=d741f1be&idc=my2&from=2378011839,4.6,5000,4302,4302,0
Implora Cheek Blossom Blush On | Natural Look | Matte Finish | Blendable,https://shop-id.tokopedia.com/pdp/implora-cheek-blossom-blush-on-4-warna-natural-matte-finish/1729382312808514684,https://p16-oec-sg.ibyteimg.com/tos-alisg-i-aphluv4xwc-sg/5022b0e20bba413fa8cf63241fa6a5aa~tplv-aphluv4xwc-crop-webp:300:300.webp?dr=15592&t=555f072d&ps=933b5bde&shp=8dbd94bf&shcp=d741f1be&idc=my2&from=2378011839,4.8,40900,17500,28000,38
EVANGELINE Eau De PARFUM - Sakura Series Black Bunga,https://shop-id.tokopedia.com/pdp/eau-de-parfum-evangeline-sakura-black-aroma-bunga-jepang-varian-fruity-vanilla-musk/1729546854077598330,https://p16-oec-sg.ibyteimg.com/tos-alisg-i-aphluv4xwc-sg/228237a1cc0e4dc588ab552de1ba617d~tplv-aphluv4xwc-crop-webp:300:300.webp?dr=15592&t=555f072d&ps=933b5bde&shp=8dbd94bf&shcp=d741f1be&idc=my2&from=2378011839,4.8,23100,32300,45000,28
Implora Day To Day Brow Pop | Pensil Alis tahan lama & waterproof,https://shop-id.tokopedia.com/pdp/brow-pop-implora-tampilan-alis-natural-waterproof-5-warna/1729857018653804668,https://p16-oec-sg.ibyteimg.com/tos-alisg-i-aphluv4xwc-sg/5d6bb3d120fe4d68a211b932d924e54a~tplv-aphluv4xwc-crop-webp:300:300.webp?dr=15592&t=555f072d&ps=933b5bde&shp=8dbd94bf&shcp=d741f1be&idc=my2&from=2378011839,4.8,61000,17500,22880,24
IBS (1pcs hitam ) Sabun Brightening Soap Pria Hitam Mencerahkan & Pelembab Wajah Kusam Berminyak Berjerawat Dengan Active Charcoal untuk Semua Jenis Kulit,https://shop-id.tokopedia.com/pdp/sabun-muka-brightening-ibs-cogan-charcoal-pencerah-wajah-pria-alami-untuk-semua-jenis-kulit/1731195104964413297,https://p16-oec-sg.ibyteimg.com/tos-alisg-i-aphluv4xwc-sg/71daf01fa53b41b1807a71072b2f6516~tplv-aphluv4xwc-crop-webp:300:300.webp?dr=15592&t=555f072d&ps=933b5bde&shp=8dbd94bf&shcp=d741f1be&idc=my2&from=2378011839,4.7,45600,22000,50000,56
ISI 12/ ISI 6 KAPAS SELECTION FACIAL COTTON 35 gr - kapas wajah,https://shop-id.tokopedia.com/pdp/kapas-wajah-pilihan-isi-12-isi-6-kapas-facial-35g-untuk-perawatan-kulit/1732493556593165410,https://p16-oec-sg.ibyteimg.com/tos-alisg-i-aphluv4xwc-sg/9cf2e3ce148841668d3ddaf648c04294~tplv-aphluv4xwc-crop-webp:300:300.webp?dr=15592&t=555f072d&ps=933b5bde&shp=8dbd94bf&shcp=d741f1be&idc=my2&from=2378011839,4.9,4900,32600,32600,0
Clean & Clear Daily Pore Cleanser 100gr - Facial Cleanser - Membersihkan Muka Berminyak,https://shop-id.tokopedia.com/pdp/clean-clear-pembersih-komedo-100gr-sabun-muka-minyak-halal/1729384076343477328,https://p16-oec-sg.ibyteimg.com/tos-alisg-i-aphluv4xwc-sg/ba2e93958ee74ccc87b767725eb891dc~tplv-aphluv4xwc-crop-webp:300:300.webp?dr=15592&t=555f072d&ps=933b5bde&shp=8dbd94bf&shcp=d741f1be&idc=my2&from=2378011839,4.9,8000,26860,31600,15
[BBD] Secret Clean Propolis Glow Up Underarm with Anti Perspirant Deodorant + Niacinamide -  Krim Pencerah Ketiak & Selangkangan | Underarm Brightening Cream Anti Bau & Anti Bakteri | Perawatan Lipatan Area Kewanitaan Aman & Wangi,https://shop-id.tokopedia.com/pdp/secret-clean-propolis-glow-up-deodorant-anti-jamur-cerahkan-ketiak/1731404578846639732,https://p16-oec-sg.ibyteimg.com/tos-alisg-i-aphluv4xwc-sg/3d13419e22c5488e9b68255e409c07ac~tplv-aphluv4xwc-crop-webp:300:300.webp?dr=15592&t=555f072d&ps=933b5bde&shp=8dbd94bf&shcp=d741f1be&idc=my2&from=2378011839,4.9,109000,30500,60000,49
Purbasari [2IN1] Paket Combo Pecerah Lulur Mandi Pengantin & Sabun KojieSan\ Nalpamara untuk Kulit Cerah dan Lembut,https://shop-id.tokopedia.com/pdp/purbasari-2in1-paket-combo-lulur-mandi-sabun-kojic-san/1733164330991125559,https://p16-oec-sg.ibyteimg.com/tos-alisg-i-aphluv4xwc-sg/aebbbfd9a336429ab63a8e66ea5ef93c~tplv-aphluv4xwc-crop-webp:300:300.webp?dr=15592&t=555f072d&ps=933b5bde&shp=8dbd94bf&shcp=d741f1be&idc=my2&from=2378011839,4.7,4800,46900,100000,53
Alat Pembersih Gigi Ultrasonik Karang Gigi Noda Kuning 5 Mode Mudah Tanpa Rasa Sakit Type C Pembersih Mulut,https://shop-id.tokopedia.com/pdp/pembersih-gigi-otomatis-getaran-tinggi-garansi-3-tahun/1732202452315637692,https://p16-oec-sg.ibyteimg.com/tos-alisg-i-aphluv4xwc-sg/c65cd49032bb4a00a61cf075f8e16ed2~tplv-aphluv4xwc-crop-webp:300:300.webp?dr=15592&t=555f072d&ps=933b5bde&shp=8dbd94bf&shcp=d741f1be&idc=my2&from=2378011839,4.8,14400,199000,300000,34
"Alat pijat elektrik Massage Gun pijat getar elektrik MASSAGER GUN 4 in 1 Alat Terapi Relaksasi Otot Tubuh Punggung Hitam Untuk terapi otot dan relaksasi tubuh, terapi getaran punggung pijatan tangan body",https://shop-id.tokopedia.com/pdp/elektrik-4-in-1-rechargeable-adjustable-heads/1732775934415504888,https://p16-oec-sg.ibyteimg.com/tos-alisg-i-aphluv4xwc-sg/67d6550211b748149db393c061accdea~tplv-aphluv4xwc-crop-webp:300:300.webp?dr=15592&t=555f072d&ps=933b5bde&shp=8dbd94bf&shcp=d741f1be&idc=my2&from=2378011839,4.6,3200,68000,148000,54
bb cushion cream cushion waterproof dan long lasting bb cream anti air dan tahan lama 5/1/6/7,https://shop-id.tokopedia.com/pdp/bb-cushion-cream-waterproof-tahan-lama-anti-air/1730250453762082615,https://p16-oec-sg.ibyteimg.com/tos-alisg-i-aphluv4xwc-sg/f359f701a12f4210b3ba34f1571b9ac9~tplv-aphluv4xwc-crop-webp:300:300.webp?dr=15592&t=555f072d&ps=933b5bde&shp=8dbd94bf&shcp=d741f1be&idc=my2&from=2378011839,4.6,11800,16998,17999,6
Minipink Eyeshadow Palette Macaron Palet Mata Tahan Lama Pigmanted Glitter Matte MP059,https://shop-id.tokopedia.com/pdp/minipink-eyeshadow-palette-macaron-pigmentasi-tinggi/1732215625305982025,https://p16-oec-sg.ibyteimg.com/tos-alisg-i-aphluv4xwc-sg/a50768043fab436093962d3ff6d2ce68~tplv-aphluv4xwc-crop-webp:300:300.webp?dr=15592&t=555f072d&ps=933b5bde&shp=8dbd94bf&shcp=d741f1be&idc=my2&from=2378011839,4.5,12100,10973,11550,5
OMG Oh My Glam Coverlast Liquid Foundation Indonesia / SPF 20 PA++ Oil Control Long Lasting 8H Medium To Full Coverage,https://shop-id.tokopedia.com/pdp/omg-foundation-coverlast-spf-20-medium-to-full-coverage-oil-control-8-jam/1729559450585303917,https://p16-oec-sg.ibyteimg.com/tos-alisg-i-aphluv4xwc-sg/368e6082140d44c8ae0b713339778ec6~tplv-aphluv4xwc-crop-webp:300:300.webp?dr=15592&t=555f072d&ps=933b5bde&shp=8dbd94bf&shcp=d741f1be&idc=my2&from=2378011839,4.7,4800,21400,25000,14
N/A,https://shop-id.tokopedia.comN/A,N/A,0.0,0,0,0,0
